{
  "__inputs": [
    {
      "description": "",
      "label": "Prometheus",
      "name": "DS_PROMETHEUS",
      "pluginId": "prometheus",
      "pluginName": "Prometheus",
      "type": "datasource"
    }
  ],
  "annotations": {
    "list": [
      {
        "builtIn": 1,
        "datasource": {
          "type": "datasource",
          "uid": "grafana"
        },
        "enable": true,
        "hide": true,
        "iconColor": "rgba(0, 211, 255, 1)",
        "name": "Annotations & Alerts",
        "target": {
          "limit": 100,
          "matchAny": false,
          "tags": [],
          "type": "dashboard"
        },
        "type": "dashboard"
      }
    ]
  },
  "editable": true,
  "fiscalYearStartMonth": 0,
  "graphTooltip": 1,
  "id": null,
  "links": [
    {
      "asDropdown": true,
      "icon": "external link",
      "includeVars": true,
      "keepTime": true,
      "tags": [
        "lodestar"
      ],
      "targetBlank": false,
      "title": "Lodestar dashboards",
      "tooltip": "",
      "type": "dashboards",
      "url": ""
    }
  ],
  "liveNow": false,
  "panels": [
    {
      "collapsed": false,
      "datasource": {
        "type": "prometheus",
        "uid": "${DS_PROMETHEUS}"
      },
      "gridPos": {
        "h": 1,
        "w": 24,
        "x": 0,
        "y": 0
      },
      "id": 166,
      "panels": [],
      "targets": [
        {
          "datasource": {
            "type": "prometheus",
            "uid": "${DS_PROMETHEUS}"
          },
          "refId": "A"
        }
      ],
      "title": "Block Production",
      "type": "row"
    },
    {
      "datasource": {
        "type": "prometheus",
        "uid": "${DS_PROMETHEUS}"
      },
      "fieldConfig": {
        "defaults": {
          "color": {
            "mode": "palette-classic"
          },
          "custom": {
            "axisBorderShow": false,
            "axisCenteredZero": false,
            "axisColorMode": "text",
            "axisLabel": "",
            "axisPlacement": "auto",
            "barAlignment": 0,
            "drawStyle": "line",
            "fillOpacity": 30,
            "gradientMode": "opacity",
            "hideFrom": {
              "legend": false,
              "tooltip": false,
              "viz": false
            },
            "insertNulls": false,
            "lineInterpolation": "linear",
            "lineWidth": 1,
            "pointSize": 5,
            "scaleDistribution": {
              "type": "linear"
            },
            "showPoints": "auto",
            "spanNulls": false,
            "stacking": {
              "group": "A",
              "mode": "normal"
            },
            "thresholdsStyle": {
              "mode": "off"
            }
          },
          "mappings": [],
          "unit": "s"
        },
        "overrides": []
      },
      "gridPos": {
        "h": 8,
        "w": 12,
        "x": 0,
        "y": 1
      },
      "id": 546,
      "options": {
        "legend": {
          "calcs": [],
          "displayMode": "list",
          "placement": "bottom",
          "showLegend": true
        },
        "tooltip": {
          "mode": "multi",
          "sort": "none"
        }
      },
      "targets": [
        {
          "datasource": {
            "type": "prometheus",
            "uid": "${DS_PROMETHEUS}"
          },
          "editorMode": "code",
          "exemplar": false,
          "expr": "rate(beacon_block_production_execution_steps_seconds_sum{step=\"proposerSlashing\"}[$rate_interval])\n/\nrate(beacon_block_production_execution_steps_seconds_count{step=\"proposerSlashing\"}[$rate_interval])",
          "hide": false,
          "instant": false,
          "legendFormat": "{{step}}",
          "range": true,
          "refId": "proposerSlashing"
        },
        {
          "datasource": {
            "type": "prometheus",
            "uid": "${DS_PROMETHEUS}"
          },
          "editorMode": "code",
          "expr": "rate(beacon_block_production_execution_steps_seconds_sum{step=\"attesterSlashings\"}[$rate_interval])\n/\nrate(beacon_block_production_execution_steps_seconds_count{step=\"attesterSlashings\"}[$rate_interval])",
          "hide": false,
          "instant": false,
          "legendFormat": "{{step}}",
          "range": true,
          "refId": "attesterSlashings"
        },
        {
          "datasource": {
            "type": "prometheus",
            "uid": "${DS_PROMETHEUS}"
          },
          "editorMode": "code",
          "expr": "rate(beacon_block_production_execution_steps_seconds_sum{step=\"voluntaryExits\"}[$rate_interval])\n/\nrate(beacon_block_production_execution_steps_seconds_count{step=\"voluntaryExits\"}[$rate_interval])",
          "hide": false,
          "instant": false,
          "legendFormat": "{{step}}",
          "range": true,
          "refId": "voluntaryExits"
        },
        {
          "datasource": {
            "type": "prometheus",
            "uid": "${DS_PROMETHEUS}"
          },
          "editorMode": "code",
          "expr": "rate(beacon_block_production_execution_steps_seconds_sum{step=\"blsToExecutionChanges\"}[$rate_interval])\n/\nrate(beacon_block_production_execution_steps_seconds_count{step=\"blsToExecutionChanges\"}[$rate_interval])",
          "hide": false,
          "instant": false,
          "legendFormat": "{{step}}",
          "range": true,
          "refId": "blsToExecutionChanges"
        },
        {
          "datasource": {
            "type": "prometheus",
            "uid": "${DS_PROMETHEUS}"
          },
          "editorMode": "code",
          "expr": "rate(beacon_block_production_execution_steps_seconds_sum{step=\"attestations\"}[$rate_interval])\n/\nrate(beacon_block_production_execution_steps_seconds_count{step=\"attestations\"}[$rate_interval])",
          "hide": false,
          "instant": false,
          "legendFormat": "{{step}}",
          "range": true,
          "refId": "attestations"
        },
        {
          "datasource": {
            "type": "prometheus",
            "uid": "${DS_PROMETHEUS}"
          },
          "editorMode": "code",
          "expr": "rate(beacon_block_production_execution_steps_seconds_sum{step=\"eth1DataAndDeposits\"}[$rate_interval])\n/\nrate(beacon_block_production_execution_steps_seconds_count{step=\"eth1DataAndDeposits\"}[$rate_interval])",
          "hide": false,
          "instant": false,
          "legendFormat": "{{step}}",
          "range": true,
          "refId": "eth1DataAndDeposits"
        },
        {
          "datasource": {
            "type": "prometheus",
            "uid": "${DS_PROMETHEUS}"
          },
          "editorMode": "code",
          "expr": "rate(beacon_block_production_execution_steps_seconds_sum{step=\"syncAggregate\"}[$rate_interval])\n/\nrate(beacon_block_production_execution_steps_seconds_count{step=\"syncAggregate\"}[$rate_interval])",
          "hide": false,
          "instant": false,
          "legendFormat": "{{step}}",
          "range": true,
          "refId": "syncAggregate"
        },
        {
          "datasource": {
            "type": "prometheus",
            "uid": "${DS_PROMETHEUS}"
          },
          "editorMode": "code",
          "expr": "rate(beacon_block_production_execution_steps_seconds_sum{step=\"executionPayload\"}[$rate_interval])\n/\nrate(beacon_block_production_execution_steps_seconds_count{step=\"executionPayload\"}[$rate_interval])",
          "hide": false,
          "instant": false,
          "legendFormat": "{{step}}",
          "range": true,
          "refId": "executionPayload"
        }
      ],
      "title": "Full block production avg time with steps",
      "type": "timeseries"
    },
    {
      "datasource": {
        "type": "prometheus",
        "uid": "${DS_PROMETHEUS}"
      },
      "fieldConfig": {
        "defaults": {
          "color": {
            "mode": "palette-classic"
          },
          "custom": {
            "axisBorderShow": false,
            "axisCenteredZero": false,
            "axisColorMode": "text",
            "axisLabel": "",
            "axisPlacement": "auto",
            "barAlignment": 0,
            "drawStyle": "line",
            "fillOpacity": 30,
            "gradientMode": "opacity",
            "hideFrom": {
              "legend": false,
              "tooltip": false,
              "viz": false
            },
            "insertNulls": false,
            "lineInterpolation": "linear",
            "lineWidth": 1,
            "pointSize": 5,
            "scaleDistribution": {
              "type": "linear"
            },
            "showPoints": "auto",
            "spanNulls": false,
            "stacking": {
              "group": "A",
              "mode": "normal"
            },
            "thresholdsStyle": {
              "mode": "off"
            }
          },
          "mappings": [],
          "unit": "s"
        },
        "overrides": []
      },
      "gridPos": {
        "h": 8,
        "w": 12,
        "x": 12,
        "y": 1
      },
      "id": 547,
      "options": {
        "legend": {
          "calcs": [],
          "displayMode": "list",
          "placement": "bottom",
          "showLegend": true
        },
        "tooltip": {
          "mode": "multi",
          "sort": "none"
        }
      },
      "targets": [
        {
          "datasource": {
            "type": "prometheus",
            "uid": "${DS_PROMETHEUS}"
          },
          "editorMode": "code",
          "exemplar": false,
          "expr": "rate(beacon_block_production_builder_steps_seconds_sum{step=\"proposerSlashing\"}[$rate_interval])\n/\nrate(beacon_block_production_builder_steps_seconds_count{step=\"proposerSlashing\"}[$rate_interval])",
          "hide": false,
          "instant": false,
          "legendFormat": "{{step}}",
          "range": true,
          "refId": "proposerSlashing"
        },
        {
          "datasource": {
            "type": "prometheus",
            "uid": "${DS_PROMETHEUS}"
          },
          "editorMode": "code",
          "expr": "rate(beacon_block_production_builder_steps_seconds_sum{step=\"attesterSlashings\"}[$rate_interval])\n/\nrate(beacon_block_production_builder_steps_seconds_count{step=\"attesterSlashings\"}[$rate_interval])",
          "hide": false,
          "instant": false,
          "legendFormat": "{{step}}",
          "range": true,
          "refId": "attesterSlashings"
        },
        {
          "datasource": {
            "type": "prometheus",
            "uid": "${DS_PROMETHEUS}"
          },
          "editorMode": "code",
          "expr": "rate(beacon_block_production_builder_steps_seconds_sum{step=\"voluntaryExits\"}[$rate_interval])\n/\nrate(beacon_block_production_builder_steps_seconds_count{step=\"voluntaryExits\"}[$rate_interval])",
          "hide": false,
          "instant": false,
          "legendFormat": "{{step}}",
          "range": true,
          "refId": "voluntaryExits"
        },
        {
          "datasource": {
            "type": "prometheus",
            "uid": "${DS_PROMETHEUS}"
          },
          "editorMode": "code",
          "expr": "rate(beacon_block_production_builder_steps_seconds_sum{step=\"blsToExecutionChanges\"}[$rate_interval])\n/\nrate(beacon_block_production_builder_steps_seconds_count{step=\"blsToExecutionChanges\"}[$rate_interval])",
          "hide": false,
          "instant": false,
          "legendFormat": "{{step}}",
          "range": true,
          "refId": "blsToExecutionChanges"
        },
        {
          "datasource": {
            "type": "prometheus",
            "uid": "${DS_PROMETHEUS}"
          },
          "editorMode": "code",
          "expr": "rate(beacon_block_production_builder_steps_seconds_sum{step=\"attestations\"}[$rate_interval])\n/\nrate(beacon_block_production_builder_steps_seconds_count{step=\"attestations\"}[$rate_interval])",
          "hide": false,
          "instant": false,
          "legendFormat": "{{step}}",
          "range": true,
          "refId": "attestations"
        },
        {
          "datasource": {
            "type": "prometheus",
            "uid": "${DS_PROMETHEUS}"
          },
          "editorMode": "code",
          "expr": "rate(beacon_block_production_builder_steps_seconds_sum{step=\"eth1DataAndDeposits\"}[$rate_interval])\n/\nrate(beacon_block_production_builder_steps_seconds_count{step=\"eth1DataAndDeposits\"}[$rate_interval])",
          "hide": false,
          "instant": false,
          "legendFormat": "{{step}}",
          "range": true,
          "refId": "eth1DataAndDeposits"
        },
        {
          "datasource": {
            "type": "prometheus",
            "uid": "${DS_PROMETHEUS}"
          },
          "editorMode": "code",
          "expr": "rate(beacon_block_production_builder_steps_seconds_sum{step=\"syncAggregate\"}[$rate_interval])\n/\nrate(beacon_block_production_builder_steps_seconds_count{step=\"syncAggregate\"}[$rate_interval])",
          "hide": false,
          "instant": false,
          "legendFormat": "{{step}}",
          "range": true,
          "refId": "syncAggregate"
        },
        {
          "datasource": {
            "type": "prometheus",
            "uid": "${DS_PROMETHEUS}"
          },
          "editorMode": "code",
          "expr": "rate(beacon_block_production_builder_steps_seconds_sum{step=\"executionPayload\"}[$rate_interval])\n/\nrate(beacon_block_production_builder_steps_seconds_count{step=\"executionPayload\"}[$rate_interval])",
          "hide": false,
          "instant": false,
          "legendFormat": "{{step}}",
          "range": true,
          "refId": "executionPayload"
        }
      ],
      "title": "Blinded block production avg time with steps",
      "type": "timeseries"
    },
    {
      "datasource": {
        "type": "prometheus",
        "uid": "${DS_PROMETHEUS}"
      },
      "fieldConfig": {
        "defaults": {
          "color": {
            "mode": "palette-classic"
          },
          "custom": {
            "axisBorderShow": false,
            "axisCenteredZero": false,
            "axisColorMode": "text",
            "axisLabel": "builder | engine",
            "axisPlacement": "auto",
            "barAlignment": 0,
            "drawStyle": "line",
            "fillOpacity": 30,
            "gradientMode": "opacity",
            "hideFrom": {
              "legend": false,
              "tooltip": false,
              "viz": false
            },
            "insertNulls": false,
            "lineInterpolation": "linear",
            "lineStyle": {
              "fill": "solid"
            },
            "lineWidth": 1,
            "pointSize": 5,
            "scaleDistribution": {
              "type": "linear"
            },
            "showPoints": "auto",
            "spanNulls": false,
            "stacking": {
              "group": "A",
              "mode": "none"
            },
            "thresholdsStyle": {
              "mode": "off"
            }
          },
          "fieldMinMax": false,
          "mappings": [],
          "noValue": "0",
          "unit": "none"
        },
        "overrides": [
          {
            "matcher": {
              "id": "byName",
              "options": "engine success"
            },
            "properties": [
              {
                "id": "color",
                "value": {
                  "fixedColor": "dark-green",
                  "mode": "fixed"
                }
              }
            ]
          },
          {
            "matcher": {
              "id": "byName",
              "options": "builder success"
            },
            "properties": [
              {
                "id": "color",
                "value": {
                  "fixedColor": "dark-green",
                  "mode": "fixed"
                }
              }
            ]
          },
          {
            "matcher": {
              "id": "byName",
              "options": "engine errors"
            },
            "properties": [
              {
                "id": "color",
                "value": {
                  "fixedColor": "dark-red",
                  "mode": "fixed"
                }
              }
            ]
          },
          {
            "matcher": {
              "id": "byName",
              "options": "builder errors"
            },
            "properties": [
              {
                "id": "color",
                "value": {
                  "fixedColor": "dark-red",
                  "mode": "fixed"
                }
              }
            ]
          }
        ]
      },
      "gridPos": {
        "h": 8,
        "w": 12,
        "x": 0,
        "y": 9
      },
      "id": 168,
      "options": {
        "legend": {
          "calcs": [],
          "displayMode": "list",
          "placement": "bottom",
          "showLegend": true
        },
        "tooltip": {
          "mode": "single",
          "sort": "none"
        }
      },
      "targets": [
        {
          "datasource": {
            "type": "prometheus",
            "uid": "${DS_PROMETHEUS}"
          },
          "editorMode": "code",
          "exemplar": false,
          "expr": "rate(beacon_block_production_successes_total{source=\"engine\"}[$rate_interval])",
          "format": "time_series",
          "hide": false,
          "interval": "",
          "legendFormat": "engine success",
          "range": true,
          "refId": "B"
        },
        {
          "datasource": {
            "type": "prometheus",
            "uid": "${DS_PROMETHEUS}"
          },
          "editorMode": "code",
          "exemplar": false,
          "expr": "rate(beacon_block_production_requests_total{source=\"engine\"}[$rate_interval])\n-\nrate(beacon_block_production_successes_total{source=\"engine\"}[$rate_interval])",
          "interval": "",
          "legendFormat": "engine errors",
          "range": true,
          "refId": "A"
        },
        {
          "datasource": {
            "type": "prometheus",
            "uid": "${DS_PROMETHEUS}"
          },
          "editorMode": "code",
          "expr": "-1 * rate(beacon_block_production_successes_total{source=\"builder\"}[$rate_interval])",
          "hide": false,
          "instant": false,
          "legendFormat": "builder success",
          "range": true,
          "refId": "C"
        },
        {
          "datasource": {
            "type": "prometheus",
            "uid": "${DS_PROMETHEUS}"
          },
          "editorMode": "code",
          "expr": "-1 *\n(\n    rate(beacon_block_production_requests_total{source=\"builder\"}[$rate_interval])\n    -\n    rate(beacon_block_production_successes_total{source=\"builder\"}[$rate_interval])\n)",
          "hide": false,
          "instant": false,
          "legendFormat": "builder errors",
          "range": true,
          "refId": "D"
        }
      ],
      "title": "Success + Error rates",
      "type": "timeseries"
    },
    {
      "datasource": {
        "type": "prometheus",
        "uid": "${DS_PROMETHEUS}"
      },
      "fieldConfig": {
        "defaults": {
          "color": {
            "mode": "palette-classic"
          },
          "custom": {
            "axisBorderShow": false,
            "axisCenteredZero": false,
            "axisColorMode": "text",
            "axisLabel": "",
            "axisPlacement": "auto",
            "barAlignment": 0,
            "drawStyle": "line",
            "fillOpacity": 0,
            "gradientMode": "none",
            "hideFrom": {
              "legend": false,
              "tooltip": false,
              "viz": false
            },
            "insertNulls": false,
            "lineInterpolation": "linear",
            "lineWidth": 1,
            "pointSize": 5,
            "scaleDistribution": {
              "type": "linear"
            },
            "showPoints": "auto",
            "spanNulls": false,
            "stacking": {
              "group": "A",
              "mode": "none"
            },
            "thresholdsStyle": {
              "mode": "off"
            }
          },
          "mappings": [],
          "unit": "s"
        },
        "overrides": []
      },
      "gridPos": {
        "h": 8,
        "w": 12,
        "x": 12,
        "y": 9
      },
      "id": 170,
      "options": {
        "legend": {
          "calcs": [],
          "displayMode": "list",
          "placement": "bottom",
          "showLegend": true
        },
        "tooltip": {
          "mode": "single",
          "sort": "none"
        }
      },
      "targets": [
        {
          "datasource": {
            "type": "prometheus",
            "uid": "${DS_PROMETHEUS}"
          },
          "editorMode": "code",
          "exemplar": false,
          "expr": "rate(beacon_block_production_seconds_sum[$rate_interval])\n/\nrate(beacon_block_production_seconds_count[$rate_interval])",
          "format": "heatmap",
          "interval": "",
          "legendFormat": "{{source}}",
          "range": true,
          "refId": "A"
        }
      ],
      "title": "Block production avg time",
      "type": "timeseries"
    },
    {
      "datasource": {
        "type": "prometheus",
        "uid": "${DS_PROMETHEUS}"
      },
      "fieldConfig": {
        "defaults": {
          "color": {
            "mode": "palette-classic"
          },
          "custom": {
            "axisBorderShow": false,
            "axisCenteredZero": false,
            "axisColorMode": "text",
            "axisLabel": "",
            "axisPlacement": "auto",
            "barAlignment": 0,
            "drawStyle": "line",
            "fillOpacity": 0,
            "gradientMode": "none",
            "hideFrom": {
              "legend": false,
              "tooltip": false,
              "viz": false
            },
            "insertNulls": false,
            "lineInterpolation": "linear",
            "lineWidth": 1,
            "pointSize": 5,
            "scaleDistribution": {
              "type": "linear"
            },
            "showPoints": "auto",
            "spanNulls": false,
            "stacking": {
              "group": "A",
              "mode": "none"
            },
            "thresholdsStyle": {
              "mode": "off"
            }
          },
          "mappings": []
        },
        "overrides": []
      },
      "gridPos": {
        "h": 8,
        "w": 12,
        "x": 0,
        "y": 17
      },
      "id": 528,
      "options": {
        "legend": {
          "calcs": [],
          "displayMode": "list",
          "placement": "bottom",
          "showLegend": true
        },
        "tooltip": {
          "mode": "single",
          "sort": "none"
        }
      },
      "targets": [
        {
          "datasource": {
            "type": "prometheus",
            "uid": "${DS_PROMETHEUS}"
          },
          "editorMode": "code",
          "expr": "rate(lodestar_api_rest_errors_total{operationId=~\"produceBlockV3|publishBlockV2|publishBlindedBlockV2\"}[$rate_interval])",
          "legendFormat": "{{operationId}}",
          "range": true,
          "refId": "A"
        }
      ],
      "title": "Block Proposal Errors",
      "type": "timeseries"
    },
    {
      "cards": {},
      "color": {
        "cardColor": "#b4ff00",
        "colorScale": "sqrt",
        "colorScheme": "interpolateOranges",
        "exponent": 0.5,
        "mode": "spectrum"
      },
      "dataFormat": "tsbuckets",
      "datasource": {
        "type": "prometheus",
        "uid": "${DS_PROMETHEUS}"
      },
      "fieldConfig": {
        "defaults": {
          "custom": {
            "hideFrom": {
              "legend": false,
              "tooltip": false,
              "viz": false
            },
            "scaleDistribution": {
              "type": "linear"
            }
          }
        },
        "overrides": []
      },
      "gridPos": {
        "h": 8,
        "w": 12,
        "x": 12,
        "y": 17
      },
      "heatmap": {},
      "hideZeroBuckets": false,
      "highlightCards": true,
      "id": 526,
      "legend": {
        "show": false
      },
      "options": {
        "calculate": false,
        "calculation": {},
        "cellGap": 2,
        "cellValues": {},
        "color": {
          "exponent": 0.5,
          "fill": "#b4ff00",
          "mode": "scheme",
          "reverse": false,
          "scale": "exponential",
          "scheme": "Oranges",
          "steps": 128
        },
        "exemplars": {
          "color": "rgba(255,0,255,0.7)"
        },
        "filterValues": {
          "le": 1e-9
        },
        "legend": {
          "show": false
        },
        "rowsFrame": {
          "layout": "auto"
        },
        "showValue": "never",
        "tooltip": {
          "mode": "single",
          "showColorScale": false,
          "yHistogram": false
        },
        "yAxis": {
          "axisPlacement": "left",
          "reverse": false,
          "unit": "s"
        }
      },
      "pluginVersion": "10.4.1",
      "reverseYBuckets": false,
      "targets": [
        {
          "datasource": {
            "type": "prometheus",
            "uid": "${DS_PROMETHEUS}"
          },
          "exemplar": false,
          "expr": "rate(beacon_block_production_seconds_bucket[$rate_interval])",
          "format": "heatmap",
          "interval": "",
          "legendFormat": "{{le}}",
          "refId": "A"
        }
      ],
      "title": "Block production time histogram",
      "tooltip": {
        "show": true,
        "showHistogram": false
      },
      "type": "heatmap",
      "xAxis": {
        "show": true
      },
      "yAxis": {
        "format": "s",
        "logBase": 1,
        "show": true
      },
      "yBucketBound": "auto"
    },
    {
      "datasource": {
        "type": "prometheus",
        "uid": "${DS_PROMETHEUS}"
      },
      "fieldConfig": {
        "defaults": {
          "color": {
            "mode": "palette-classic"
          },
          "custom": {
            "axisBorderShow": false,
            "axisCenteredZero": false,
            "axisColorMode": "text",
            "axisLabel": "",
            "axisPlacement": "auto",
            "barAlignment": 0,
            "drawStyle": "line",
            "fillOpacity": 0,
            "gradientMode": "none",
            "hideFrom": {
              "legend": false,
              "tooltip": false,
              "viz": false
            },
            "insertNulls": false,
            "lineInterpolation": "linear",
            "lineWidth": 1,
            "pointSize": 5,
            "scaleDistribution": {
              "type": "linear"
            },
            "showPoints": "auto",
            "spanNulls": false,
            "stacking": {
              "group": "A",
              "mode": "none"
            },
            "thresholdsStyle": {
              "mode": "off"
            }
          },
          "mappings": []
        },
        "overrides": []
      },
      "gridPos": {
        "h": 8,
        "w": 12,
        "x": 0,
        "y": 25
      },
      "id": 511,
      "options": {
        "legend": {
          "calcs": [],
          "displayMode": "list",
          "placement": "bottom",
          "showLegend": true
        },
        "tooltip": {
          "mode": "single",
          "sort": "none"
        }
      },
      "targets": [
        {
          "datasource": {
            "type": "prometheus",
            "uid": "${DS_PROMETHEUS}"
          },
          "exemplar": false,
          "expr": "lodestar_oppool_aggregated_attestation_pool_size",
          "interval": "",
          "legendFormat": "aggregated_attestation",
          "refId": "A"
        },
        {
          "datasource": {
            "type": "prometheus",
            "uid": "${DS_PROMETHEUS}"
          },
          "exemplar": false,
          "expr": "lodestar_oppool_aggregated_attestation_pool_unique_data_count",
          "hide": false,
          "interval": "",
          "legendFormat": "aggregated_attestation_unique",
          "refId": "B"
        },
        {
          "datasource": {
            "type": "prometheus",
            "uid": "${DS_PROMETHEUS}"
          },
          "exemplar": false,
          "expr": "lodestar_oppool_attestation_pool_size",
          "hide": false,
          "interval": "",
          "legendFormat": "attestation",
          "refId": "C"
        },
        {
          "datasource": {
            "type": "prometheus",
            "uid": "${DS_PROMETHEUS}"
          },
          "exemplar": false,
          "expr": "lodestar_oppool_attester_slashing_pool_size",
          "hide": false,
          "interval": "",
          "legendFormat": "attester_slashing",
          "refId": "D"
        },
        {
          "datasource": {
            "type": "prometheus",
            "uid": "${DS_PROMETHEUS}"
          },
          "exemplar": false,
          "expr": "lodestar_oppool_proposer_slashing_pool_size",
          "hide": false,
          "interval": "",
          "legendFormat": "proposer_slashing",
          "refId": "E"
        },
        {
          "datasource": {
            "type": "prometheus",
            "uid": "${DS_PROMETHEUS}"
          },
          "exemplar": false,
          "expr": "lodestar_oppool_voluntary_exit_pool_size",
          "hide": false,
          "interval": "",
          "legendFormat": "voluntary_exit",
          "refId": "F"
        },
        {
          "datasource": {
            "type": "prometheus",
            "uid": "${DS_PROMETHEUS}"
          },
          "exemplar": false,
          "expr": "lodestar_oppool_sync_committee_message_pool_size",
          "hide": false,
          "interval": "",
          "legendFormat": "sync_committee_message",
          "refId": "G"
        },
        {
          "datasource": {
            "type": "prometheus",
            "uid": "${DS_PROMETHEUS}"
          },
          "exemplar": false,
          "expr": "lodestar_oppool_sync_contribution_and_proof_pool_pool_size",
          "hide": false,
          "interval": "",
          "legendFormat": "sync_contribution_and_proof",
          "refId": "H"
        }
      ],
      "title": "Op-pool sizes",
      "type": "timeseries"
    },
    {
      "datasource": {
        "type": "prometheus",
        "uid": "${DS_PROMETHEUS}"
      },
      "fieldConfig": {
        "defaults": {
          "color": {
            "mode": "palette-classic"
          },
          "custom": {
            "axisBorderShow": false,
            "axisCenteredZero": false,
            "axisColorMode": "text",
            "axisLabel": "",
            "axisPlacement": "auto",
            "barAlignment": 0,
            "drawStyle": "points",
            "fillOpacity": 10,
            "gradientMode": "opacity",
            "hideFrom": {
              "legend": false,
              "tooltip": false,
              "viz": false
            },
            "insertNulls": false,
            "lineInterpolation": "linear",
            "lineWidth": 1,
            "pointSize": 3,
            "scaleDistribution": {
              "log": 2,
              "type": "log"
            },
            "showPoints": "always",
            "spanNulls": false,
            "stacking": {
              "group": "A",
              "mode": "none"
            },
            "thresholdsStyle": {
              "mode": "off"
            }
          },
          "mappings": [],
          "unit": "none"
        },
        "overrides": []
      },
      "gridPos": {
        "h": 8,
        "w": 12,
        "x": 12,
        "y": 25
      },
      "id": 378,
      "options": {
        "legend": {
          "calcs": [],
          "displayMode": "list",
          "placement": "bottom",
          "showLegend": true
        },
        "tooltip": {
          "mode": "multi",
          "sort": "none"
        }
      },
      "pluginVersion": "10.4.1",
      "targets": [
        {
          "datasource": {
            "type": "prometheus",
            "uid": "${DS_PROMETHEUS}"
          },
          "editorMode": "code",
          "exemplar": false,
          "expr": "12 * rate(lodestar_builder_http_client_request_time_seconds_count[$rate_interval])",
          "hide": false,
          "interval": "",
          "legendFormat": "{{routeId}}",
          "range": true,
          "refId": "D"
        }
      ],
      "title": "Builder API queries / slot",
      "type": "timeseries"
    },
    {
      "datasource": {
        "type": "prometheus",
        "uid": "${DS_PROMETHEUS}"
      },
      "fieldConfig": {
        "defaults": {
          "color": {
            "mode": "palette-classic"
          },
          "custom": {
            "axisBorderShow": false,
            "axisCenteredZero": false,
            "axisColorMode": "text",
            "axisLabel": "",
            "axisPlacement": "auto",
            "barAlignment": 0,
            "drawStyle": "line",
            "fillOpacity": 0,
            "gradientMode": "opacity",
            "hideFrom": {
              "legend": false,
              "tooltip": false,
              "viz": false
            },
            "insertNulls": false,
            "lineInterpolation": "linear",
            "lineWidth": 1,
            "pointSize": 5,
            "scaleDistribution": {
              "type": "linear"
            },
            "showPoints": "auto",
            "spanNulls": false,
            "stacking": {
              "group": "A",
              "mode": "none"
            },
            "thresholdsStyle": {
              "mode": "off"
            }
          },
          "mappings": [],
          "unit": "s"
        },
        "overrides": []
      },
      "gridPos": {
        "h": 8,
        "w": 12,
        "x": 0,
        "y": 33
      },
      "id": 376,
      "options": {
        "legend": {
          "calcs": [],
          "displayMode": "list",
          "placement": "bottom",
          "showLegend": true
        },
        "tooltip": {
          "mode": "single",
          "sort": "none"
        }
      },
      "pluginVersion": "10.4.1",
      "targets": [
        {
          "datasource": {
            "type": "prometheus",
            "uid": "${DS_PROMETHEUS}"
          },
          "editorMode": "code",
          "exemplar": false,
          "expr": "rate(lodestar_builder_http_client_request_time_seconds_sum[$rate_interval])\n/\nrate(lodestar_builder_http_client_request_time_seconds_count[$rate_interval])",
          "hide": false,
          "interval": "",
          "legendFormat": "{{routeId}}",
          "range": true,
          "refId": "B"
        }
      ],
      "title": "Builder API request times",
      "type": "timeseries"
    },
    {
      "datasource": {
        "type": "prometheus",
        "uid": "${DS_PROMETHEUS}"
      },
      "fieldConfig": {
        "defaults": {
          "color": {
            "mode": "palette-classic"
          },
          "custom": {
            "axisBorderShow": false,
            "axisCenteredZero": false,
            "axisColorMode": "text",
            "axisLabel": "",
            "axisPlacement": "auto",
            "barAlignment": 0,
            "drawStyle": "line",
            "fillOpacity": 0,
            "gradientMode": "none",
            "hideFrom": {
              "legend": false,
              "tooltip": false,
              "viz": false
            },
            "insertNulls": false,
            "lineInterpolation": "linear",
            "lineWidth": 1,
            "pointSize": 5,
            "scaleDistribution": {
              "type": "linear"
            },
            "showPoints": "auto",
            "spanNulls": false,
            "stacking": {
              "group": "A",
              "mode": "none"
            },
            "thresholdsStyle": {
              "mode": "off"
            }
          },
          "mappings": []
        },
        "overrides": []
      },
      "gridPos": {
        "h": 8,
        "w": 12,
        "x": 12,
        "y": 33
      },
      "id": 532,
      "options": {
        "legend": {
          "calcs": [],
          "displayMode": "list",
          "placement": "bottom",
          "showLegend": true
        },
        "tooltip": {
          "mode": "single",
          "sort": "none"
        }
      },
      "pluginVersion": "8.0.6",
      "targets": [
        {
          "exemplar": false,
          "expr": "lodestar_all_validators_total_count",
          "hide": false,
          "interval": "",
          "legendFormat": "",
          "refId": "A"
        },
        {
          "exemplar": false,
          "expr": "lodestar_all_validators_finalized_count",
          "hide": false,
          "interval": "",
          "legendFormat": "",
          "refId": "B"
        },
        {
          "exemplar": false,
          "expr": "lodestar_all_validators_orphaned_count",
          "hide": false,
          "interval": "",
          "legendFormat": "",
          "refId": "C"
        },
        {
          "exemplar": false,
          "expr": "lodestar_all_validators_missed_count",
          "hide": false,
          "interval": "",
          "legendFormat": "",
          "refId": "D"
        }
      ],
      "title": "All Validators Block Proposal Data",
      "type": "timeseries"
    },
    {
      "datasource": {
        "type": "prometheus",
        "uid": "${DS_PROMETHEUS}"
      },
      "fieldConfig": {
        "defaults": {
          "color": {
            "mode": "palette-classic"
          },
          "custom": {
            "axisBorderShow": false,
            "axisCenteredZero": false,
            "axisColorMode": "text",
            "axisLabel": "",
            "axisPlacement": "auto",
            "barAlignment": 0,
            "drawStyle": "line",
            "fillOpacity": 0,
            "gradientMode": "none",
            "hideFrom": {
              "legend": false,
              "tooltip": false,
              "viz": false
            },
            "insertNulls": false,
            "lineInterpolation": "linear",
            "lineWidth": 1,
            "pointSize": 5,
            "scaleDistribution": {
              "type": "linear"
            },
            "showPoints": "auto",
            "spanNulls": false,
            "stacking": {
              "group": "A",
              "mode": "none"
            },
            "thresholdsStyle": {
              "mode": "off"
            }
          },
          "mappings": []
        },
        "overrides": []
      },
      "gridPos": {
        "h": 7,
        "w": 12,
        "x": 0,
        "y": 41
      },
      "id": 531,
      "options": {
        "legend": {
          "calcs": [],
          "displayMode": "list",
          "placement": "bottom",
          "showLegend": true
        },
        "tooltip": {
          "mode": "single",
          "sort": "none"
        }
      },
      "pluginVersion": "8.0.6",
      "targets": [
        {
          "datasource": {
            "type": "prometheus",
            "uid": "${DS_PROMETHEUS}"
          },
          "exemplar": false,
          "expr": "lodestar_attached_validators_total_count",
          "format": "time_series",
          "instant": false,
          "interval": "",
          "legendFormat": "",
          "refId": "A"
        },
        {
          "exemplar": false,
          "expr": "lodestar_attached_validators_finalized_count",
          "hide": false,
          "instant": false,
          "interval": "",
          "legendFormat": "",
          "refId": "B"
        },
        {
          "exemplar": false,
          "expr": "lodestar_attached_validators_missed_count",
          "hide": false,
          "interval": "",
          "legendFormat": "",
          "refId": "C"
        },
        {
          "exemplar": false,
          "expr": "lodestar_attached_validators_orphaned_count",
          "hide": false,
          "interval": "",
          "legendFormat": "",
          "refId": "E"
        }
      ],
      "title": "Attached Validators Block Proposal Data",
      "type": "timeseries"
    },
    {
      "datasource": {
        "type": "prometheus",
        "uid": "${DS_PROMETHEUS}"
      },
      "fieldConfig": {
        "defaults": {
          "color": {
            "mode": "palette-classic"
          },
          "custom": {
            "axisBorderShow": false,
            "axisCenteredZero": false,
            "axisColorMode": "text",
            "axisLabel": "",
            "axisPlacement": "auto",
            "barAlignment": 0,
            "drawStyle": "line",
            "fillOpacity": 0,
            "gradientMode": "none",
            "hideFrom": {
              "legend": false,
              "tooltip": false,
              "viz": false
            },
            "insertNulls": false,
            "lineInterpolation": "linear",
            "lineWidth": 1,
            "pointSize": 5,
            "scaleDistribution": {
              "type": "linear"
            },
            "showPoints": "auto",
            "spanNulls": false,
            "stacking": {
              "group": "A",
              "mode": "none"
            },
            "thresholdsStyle": {
              "mode": "off"
            }
          },
          "mappings": []
        },
        "overrides": []
      },
      "gridPos": {
        "h": 7,
        "w": 12,
        "x": 12,
        "y": 41
      },
      "id": 534,
      "options": {
        "legend": {
          "calcs": [],
          "displayMode": "list",
          "placement": "bottom",
          "showLegend": true
        },
        "tooltip": {
          "mode": "single",
          "sort": "none"
        }
      },
      "pluginVersion": "8.0.6",
      "targets": [
        {
          "exemplar": false,
          "expr": "lodestar_finalized_canonical_checkpoints_count",
          "interval": "",
          "legendFormat": "",
          "refId": "A"
        },
        {
          "exemplar": false,
          "expr": "lodestar_finalized_found_checkpoints_in_state_cache",
          "hide": false,
          "interval": "",
          "legendFormat": "",
          "refId": "B"
        }
      ],
      "title": "Finalized Canonical Checkpoints",
      "type": "timeseries"
    },
    {
      "datasource": {
        "type": "prometheus",
        "uid": "${DS_PROMETHEUS}"
      },
      "fieldConfig": {
        "defaults": {
          "mappings": []
        },
        "overrides": []
      },
      "gridPos": {
        "h": 6,
        "w": 12,
        "x": 0,
        "y": 48
      },
      "id": 535,
      "options": {
        "colorMode": "value",
        "graphMode": "area",
        "justifyMode": "auto",
        "orientation": "auto",
        "reduceOptions": {
          "calcs": [
            "lastNotNull"
          ],
          "fields": "",
          "values": false
        },
        "showPercentChange": false,
        "text": {},
        "textMode": "auto",
        "wideLayout": true
      },
      "pluginVersion": "10.4.1",
      "targets": [
        {
          "exemplar": false,
          "expr": "lodestar_finalized_attached_validators_count",
          "interval": "",
          "legendFormat": "",
          "refId": "A"
        }
      ],
      "title": "Attached Proposers",
      "type": "stat"
    },
    {
      "datasource": {
        "type": "prometheus",
        "uid": "${DS_PROMETHEUS}"
      },
      "fieldConfig": {
        "defaults": {
          "color": {
            "mode": "palette-classic"
          },
          "custom": {
            "axisBorderShow": false,
            "axisCenteredZero": false,
            "axisColorMode": "text",
            "axisLabel": "",
            "axisPlacement": "auto",
            "barAlignment": 0,
            "drawStyle": "line",
            "fillOpacity": 0,
            "gradientMode": "none",
            "hideFrom": {
              "legend": false,
              "tooltip": false,
              "viz": false
            },
            "insertNulls": false,
            "lineInterpolation": "linear",
            "lineWidth": 1,
            "pointSize": 5,
            "scaleDistribution": {
              "type": "linear"
            },
            "showPoints": "auto",
            "spanNulls": false,
            "stacking": {
              "group": "A",
              "mode": "none"
            },
            "thresholdsStyle": {
              "mode": "off"
            }
          },
          "mappings": []
        },
        "overrides": [
          {
            "__systemRef": "hideSeriesFrom",
            "matcher": {
              "id": "byNames",
              "options": {
                "mode": "exclude",
                "names": [
                  "hit"
                ],
                "prefix": "All except:",
                "readOnly": true
              }
            },
            "properties": [
              {
                "id": "custom.hideFrom",
                "value": {
                  "legend": false,
                  "tooltip": false,
                  "viz": true
                }
              }
            ]
          }
        ]
      },
      "gridPos": {
        "h": 8,
        "w": 12,
        "x": 12,
        "y": 48
      },
      "id": 537,
      "options": {
        "legend": {
          "calcs": [],
          "displayMode": "list",
          "placement": "bottom",
          "showLegend": true
        },
        "tooltip": {
          "mode": "multi",
          "sort": "none"
        }
      },
      "targets": [
        {
          "datasource": {
            "type": "prometheus",
            "uid": "${DS_PROMETHEUS}"
          },
          "editorMode": "code",
          "expr": "rate(lodestar_duties_request_next_epoch_proposal_duties_hit_total[$rate_interval])",
          "legendFormat": "hit",
          "range": true,
          "refId": "A"
        },
        {
          "datasource": {
            "type": "prometheus",
            "uid": "${DS_PROMETHEUS}"
          },
          "editorMode": "code",
          "expr": "lodestar_duties_request_next_epoch_proposal_duties_miss_total",
          "hide": false,
          "legendFormat": "miss",
          "range": true,
          "refId": "B"
        }
      ],
      "title": "Request Next Epoch Proposal Duties",
      "type": "timeseries"
    },
    {
      "datasource": {
        "type": "prometheus",
        "uid": "${DS_PROMETHEUS}"
      },
      "fieldConfig": {
        "defaults": {
          "color": {
            "mode": "palette-classic"
          },
          "custom": {
            "axisBorderShow": false,
            "axisCenteredZero": false,
            "axisColorMode": "text",
            "axisLabel": "",
            "axisPlacement": "auto",
            "barAlignment": 0,
            "drawStyle": "line",
            "fillOpacity": 0,
            "gradientMode": "none",
            "hideFrom": {
              "legend": false,
              "tooltip": false,
              "viz": false
            },
            "insertNulls": false,
            "lineInterpolation": "linear",
            "lineWidth": 1,
            "pointSize": 5,
            "scaleDistribution": {
              "type": "linear"
            },
            "showPoints": "auto",
            "spanNulls": false,
            "stacking": {
              "group": "A",
              "mode": "none"
            },
            "thresholdsStyle": {
              "mode": "off"
            }
          },
          "mappings": []
        },
        "overrides": []
      },
      "gridPos": {
        "h": 8,
        "w": 12,
        "x": 0,
        "y": 54
      },
      "id": 548,
      "options": {
        "legend": {
          "calcs": [],
          "displayMode": "list",
          "placement": "bottom",
          "showLegend": true
        },
        "tooltip": {
          "mode": "multi",
          "sort": "none"
        }
      },
      "targets": [
        {
          "datasource": {
            "type": "prometheus",
            "uid": "${DS_PROMETHEUS}"
          },
          "editorMode": "code",
          "exemplar": false,
          "expr": "rate(beacon_fork_choice_not_reorged_reason_total[$rate_interval])",
          "hide": false,
          "instant": false,
          "legendFormat": "{{reason}}",
          "range": true,
          "refId": "A"
        }
      ],
      "title": "Reason of building on head block",
      "type": "timeseries"
    },
    {
      "datasource": {
        "type": "prometheus",
        "uid": "${DS_PROMETHEUS}"
      },
      "fieldConfig": {
        "defaults": {
          "color": {
            "mode": "palette-classic"
          },
          "custom": {
            "axisBorderShow": false,
            "axisCenteredZero": false,
            "axisColorMode": "text",
            "axisLabel": "",
            "axisPlacement": "auto",
            "barAlignment": 0,
            "drawStyle": "line",
            "fillOpacity": 0,
            "gradientMode": "none",
            "hideFrom": {
              "legend": false,
              "tooltip": false,
              "viz": false
            },
            "insertNulls": false,
            "lineInterpolation": "linear",
            "lineWidth": 1,
            "pointSize": 5,
            "scaleDistribution": {
              "type": "linear"
            },
            "showPoints": "auto",
            "spanNulls": false,
            "stacking": {
              "group": "A",
              "mode": "none"
            },
            "thresholdsStyle": {
              "mode": "off"
            }
          },
          "mappings": []
        },
        "overrides": []
      },
      "gridPos": {
        "h": 8,
        "w": 12,
        "x": 12,
        "y": 56
      },
      "id": 549,
      "options": {
        "legend": {
          "calcs": [],
          "displayMode": "list",
          "placement": "bottom",
          "showLegend": false
        },
        "tooltip": {
          "mode": "multi",
          "sort": "none"
        }
      },
      "targets": [
        {
          "datasource": {
            "type": "prometheus",
            "uid": "${DS_PROMETHEUS}"
          },
          "editorMode": "code",
          "exemplar": false,
          "expr": "rate(beacon_weak_head_detected_total[$rate_interval])",
          "hide": false,
          "instant": false,
          "legendFormat": "weak head",
          "range": true,
          "refId": "A"
        }
      ],
      "title": "Weak head blocks",
      "type": "timeseries"
    },
    {
      "collapsed": false,
      "gridPos": {
        "h": 1,
        "w": 24,
        "x": 0,
        "y": 64
      },
      "id": 541,
      "panels": [],
      "title": "Produced Aggregate",
      "type": "row"
    },
    {
      "datasource": {
        "type": "prometheus",
        "uid": "${DS_PROMETHEUS}"
      },
      "fieldConfig": {
        "defaults": {
          "custom": {
            "hideFrom": {
              "legend": false,
              "tooltip": false,
              "viz": false
            },
            "scaleDistribution": {
              "type": "linear"
            }
          }
        },
        "overrides": []
      },
      "gridPos": {
        "h": 8,
        "w": 12,
        "x": 0,
        "y": 65
      },
      "id": 543,
      "options": {
        "calculate": false,
        "cellGap": 1,
        "color": {
          "exponent": 0.5,
          "fill": "dark-orange",
          "mode": "scheme",
          "reverse": false,
          "scale": "exponential",
          "scheme": "Magma",
          "steps": 64
        },
        "exemplars": {
          "color": "rgba(255,0,255,0.7)"
        },
        "filterValues": {
          "le": 1e-9
        },
        "legend": {
          "show": true
        },
        "rowsFrame": {
          "layout": "auto"
        },
        "tooltip": {
          "mode": "single",
          "showColorScale": false,
          "yHistogram": false
        },
        "yAxis": {
          "axisPlacement": "left",
          "reverse": false
        }
      },
      "pluginVersion": "10.4.1",
      "targets": [
        {
          "datasource": {
            "type": "prometheus",
            "uid": "${DS_PROMETHEUS}"
          },
          "editorMode": "code",
          "expr": "rate(lodestar_produced_aggregate_participants_bucket[$rate_interval]) * 12",
          "format": "heatmap",
          "legendFormat": "__auto",
          "range": true,
          "refId": "A"
        }
      ],
      "title": "Produced Aggregate Participants Histogram",
      "type": "heatmap"
    },
    {
      "datasource": {
        "type": "prometheus",
        "uid": "${DS_PROMETHEUS}"
      },
      "fieldConfig": {
        "defaults": {
          "custom": {
            "hideFrom": {
              "legend": false,
              "tooltip": false,
              "viz": false
            },
            "scaleDistribution": {
              "type": "linear"
            }
          }
        },
        "overrides": []
      },
      "gridPos": {
        "h": 8,
        "w": 12,
        "x": 12,
        "y": 65
      },
      "id": 545,
      "options": {
        "calculate": false,
        "cellGap": 1,
        "color": {
          "exponent": 0.5,
          "fill": "dark-orange",
          "mode": "scheme",
          "reverse": false,
          "scale": "exponential",
          "scheme": "Magma",
          "steps": 64
        },
        "exemplars": {
          "color": "rgba(255,0,255,0.7)"
        },
        "filterValues": {
          "le": 1e-9
        },
        "legend": {
          "show": true
        },
        "rowsFrame": {
          "layout": "auto"
        },
        "tooltip": {
          "mode": "single",
          "showColorScale": false,
          "yHistogram": false
        },
        "yAxis": {
          "axisPlacement": "left",
          "reverse": false
        }
      },
      "pluginVersion": "10.4.1",
      "targets": [
        {
          "datasource": {
            "type": "prometheus",
            "uid": "${DS_PROMETHEUS}"
          },
          "editorMode": "code",
          "expr": "rate(lodestar_produced_sync_contribution_participants_bucket[$rate_interval]) * 12",
          "format": "heatmap",
          "legendFormat": "__auto",
          "range": true,
          "refId": "A"
        }
      ],
      "title": "Produced Sync Contribution Participants Histogram",
      "type": "heatmap"
    },
    {
      "datasource": {
        "type": "prometheus",
        "uid": "${DS_PROMETHEUS}"
      },
      "fieldConfig": {
        "defaults": {
          "color": {
            "mode": "palette-classic"
          },
          "custom": {
            "axisBorderShow": false,
            "axisCenteredZero": false,
            "axisColorMode": "text",
            "axisLabel": "",
            "axisPlacement": "auto",
            "barAlignment": 0,
            "drawStyle": "line",
            "fillOpacity": 0,
            "gradientMode": "none",
            "hideFrom": {
              "legend": false,
              "tooltip": false,
              "viz": false
            },
            "insertNulls": false,
            "lineInterpolation": "linear",
            "lineWidth": 1,
            "pointSize": 5,
            "scaleDistribution": {
              "type": "linear"
            },
            "showPoints": "auto",
            "spanNulls": false,
            "stacking": {
              "group": "A",
              "mode": "none"
            },
            "thresholdsStyle": {
              "mode": "off"
            }
          },
          "mappings": []
        },
        "overrides": []
      },
      "gridPos": {
        "h": 8,
        "w": 12,
        "x": 0,
        "y": 73
      },
      "id": 539,
      "options": {
        "legend": {
          "calcs": [],
          "displayMode": "list",
          "placement": "bottom",
          "showLegend": true
        },
        "tooltip": {
          "mode": "multi",
          "sort": "none"
        }
      },
      "targets": [
        {
          "datasource": {
            "type": "prometheus",
            "uid": "${DS_PROMETHEUS}"
          },
          "editorMode": "code",
          "expr": "rate(lodestar_produced_aggregate_participants_sum[$rate_interval])\n/\nrate(lodestar_produced_aggregate_participants_count[$rate_interval])",
          "legendFormat": "Aggregate",
          "range": true,
          "refId": "A"
        },
        {
          "datasource": {
            "type": "prometheus",
            "uid": "${DS_PROMETHEUS}"
          },
          "editorMode": "code",
          "expr": "rate(lodestar_produced_sync_contribution_participants_sum[$rate_interval])\n/\nrate(lodestar_produced_sync_contribution_participants_count[$rate_interval])",
          "hide": false,
          "legendFormat": "Sync Contribution",
          "range": true,
          "refId": "B"
        }
      ],
      "title": "Average Produced Aggregate Participants",
      "type": "timeseries"
    }
  ],
  "refresh": "10s",
  "schemaVersion": 39,
  "tags": [
    "lodestar"
  ],
  "templating": {
    "list": [
      {
        "current": {
          "selected": false,
          "text": "default",
          "value": "default"
        },
        "hide": 0,
        "includeAll": false,
        "label": "datasource",
        "multi": false,
        "name": "DS_PROMETHEUS",
        "options": [],
        "query": "prometheus",
        "queryValue": "",
        "refresh": 1,
        "regex": "",
        "skipUrlSync": false,
        "type": "datasource"
      },
      {
        "auto": true,
        "auto_count": 30,
        "auto_min": "10s",
        "current": {
          "selected": false,
          "text": "1h",
          "value": "1h"
        },
        "hide": 0,
        "label": "rate() interval",
        "name": "rate_interval",
        "options": [
          {
            "selected": false,
            "text": "auto",
            "value": "$__auto_interval_rate_interval"
          },
          {
            "selected": false,
            "text": "1m",
            "value": "1m"
          },
          {
            "selected": false,
            "text": "10m",
            "value": "10m"
          },
          {
            "selected": false,
            "text": "30m",
            "value": "30m"
          },
          {
            "selected": true,
            "text": "1h",
            "value": "1h"
          },
          {
            "selected": false,
            "text": "6h",
            "value": "6h"
          },
          {
            "selected": false,
            "text": "12h",
            "value": "12h"
          },
          {
            "selected": false,
            "text": "1d",
            "value": "1d"
          },
          {
            "selected": false,
            "text": "7d",
            "value": "7d"
          },
          {
            "selected": false,
            "text": "14d",
            "value": "14d"
          },
          {
            "selected": false,
            "text": "30d",
            "value": "30d"
          }
        ],
        "query": "1m,10m,30m,1h,6h,12h,1d,7d,14d,30d",
        "queryValue": "",
        "refresh": 2,
        "skipUrlSync": false,
        "type": "interval"
      },
      {
        "datasource": {
          "type": "prometheus",
          "uid": "prometheus_local"
        },
        "filters": [
          {
            "condition": "",
            "key": "instance",
            "operator": "=",
            "value": "unstable-lg1k-hzax41-dkr"
          }
        ],
        "hide": 0,
        "name": "Filters",
        "skipUrlSync": false,
        "type": "adhoc"
      }
    ]
  },
  "time": {
    "from": "now-24h",
    "to": "now"
  },
  "timepicker": {
    "refresh_intervals": [
      "5s",
      "10s",
      "30s",
      "1m",
      "5m",
      "15m",
      "30m",
      "1h",
      "2h",
      "1d"
    ]
  },
  "timezone": "utc",
  "title": "Lodestar - block production",
  "uid": "lodestar_block_production",
  "version": 5,
  "weekStart": "monday"
}
